<?xml version="1.0" encoding="UTF-8"?>
<metadata xml:lang="es"><Esri><CreaDate>20211117</CreaDate><CreaTime>02265900</CreaTime><ArcGISFormat>1.0</ArcGISFormat><SyncOnce>TRUE</SyncOnce><DataProperties><lineage><Process ToolSource="c:\program files (x86)\arcgis\desktop10.1\ArcToolbox\Toolboxes\Conversion Tools.tbx\ExportCAD" Date="20211117" Time="022659">ExportCAD Luminarias_Catastro_2021;Textos_Luminarias;Medidores_Nunoa_2021 DWG_R2010 C:\2021_NOV_NUNOA\CATASTRO_ÑUÑOA_2021.DWG Ignore_Filenames_in_Tables Overwrite_Existing_Files #</Process></lineage></DataProperties></Esri></metadata>
