<?xml version="1.0" encoding="UTF-8"?>
<metadata xml:lang="es"><Esri><CreaDate>20210603</CreaDate><CreaTime>01195900</CreaTime><ArcGISFormat>1.0</ArcGISFormat><SyncOnce>TRUE</SyncOnce><DataProperties><lineage><Process ToolSource="c:\program files (x86)\arcgis\desktop10.1\ArcToolbox\Toolboxes\Data Management Tools.tbx\CalculateField" Date="20210603" Time="011959">CalculateField Luminarias_Catastro_2021 MODELO2 "" VB #</Process><Process ToolSource="c:\program files (x86)\arcgis\desktop10.1\ArcToolbox\Toolboxes\Data Management Tools.tbx\CalculateField" Date="20210603" Time="012026">CalculateField Luminarias_Catastro_2021 POTENCIA2 "" VB #</Process><Process ToolSource="c:\program files (x86)\arcgis\desktop10.1\ArcToolbox\Toolboxes\Data Management Tools.tbx\CalculateField" Date="20210603" Time="012038">CalculateField Luminarias_Catastro_2021 GANCHO2 "" VB #</Process><Process ToolSource="c:\program files (x86)\arcgis\desktop10.1\ArcToolbox\Toolboxes\Data Management Tools.tbx\AddXY" Date="20210603" Time="012452">AddXY Luminarias_Catastro_2021</Process><Process ToolSource="c:\program files (x86)\arcgis\desktop10.1\ArcToolbox\Toolboxes\Data Management Tools.tbx\AddXY" Date="20210603" Time="013027">AddXY Luminarias_Catastro_2021</Process><Process ToolSource="c:\program files (x86)\arcgis\desktop10.1\ArcToolbox\Toolboxes\Data Management Tools.tbx\CalculateField" Date="20210603" Time="014308">CalculateField Luminarias_Catastro_2021 USO "PEATONAL" VB #</Process><Process ToolSource="c:\program files (x86)\arcgis\desktop10.1\ArcToolbox\Toolboxes\Data Management Tools.tbx\CalculateField" Date="20210603" Time="014322">CalculateField Luminarias_Catastro_2021 GANCHO1 "L125" VB #</Process><Process ToolSource="c:\program files (x86)\arcgis\desktop10.1\ArcToolbox\Toolboxes\Data Management Tools.tbx\CalculateField" Date="20210603" Time="014348">CalculateField Luminarias_Catastro_2021 POTENCIA1 "80LED" VB #</Process><Process ToolSource="c:\program files (x86)\arcgis\desktop10.1\ArcToolbox\Toolboxes\Data Management Tools.tbx\CalculateField" Date="20210603" Time="014409">CalculateField Luminarias_Catastro_2021 MODELO1 "SYLVANIA" VB #</Process><Process ToolSource="c:\program files (x86)\arcgis\desktop10.1\ArcToolbox\Toolboxes\Data Management Tools.tbx\CalculateField" Date="20210603" Time="014427">CalculateField Luminarias_Catastro_2021 GANCHO2 "" VB #</Process><Process ToolSource="c:\program files (x86)\arcgis\desktop10.1\ArcToolbox\Toolboxes\Data Management Tools.tbx\CalculateField" Date="20210603" Time="014431">CalculateField Luminarias_Catastro_2021 POTENCIA2 "" VB #</Process><Process ToolSource="c:\program files (x86)\arcgis\desktop10.1\ArcToolbox\Toolboxes\Data Management Tools.tbx\CalculateField" Date="20210603" Time="014441">CalculateField Luminarias_Catastro_2021 MODELO2 "" VB #</Process><Process ToolSource="c:\program files (x86)\arcgis\desktop10.1\ArcToolbox\Toolboxes\Data Management Tools.tbx\CalculateField" Date="20210603" Time="014454">CalculateField Luminarias_Catastro_2021 CANTIDAD2 0 VB #</Process><Process ToolSource="c:\program files (x86)\arcgis\desktop10.1\ArcToolbox\Toolboxes\Data Management Tools.tbx\CalculateField" Date="20210603" Time="015526">CalculateField Luminarias_Catastro_2021 TPOSTE "METALICO 5 MT" VB #</Process><Process ToolSource="c:\program files (x86)\arcgis\desktop10.1\ArcToolbox\Toolboxes\Data Management Tools.tbx\CalculateField" Date="20210603" Time="015538">CalculateField Luminarias_Catastro_2021 PLACA "" VB #</Process><Process ToolSource="c:\program files (x86)\arcgis\desktop10.1\ArcToolbox\Toolboxes\Data Management Tools.tbx\CalculateField" Date="20210603" Time="015554">CalculateField Luminarias_Catastro_2021 GANCHO1 "RECTO PEATONAL" VB #</Process><Process ToolSource="c:\program files (x86)\arcgis\desktop10.1\ArcToolbox\Toolboxes\Data Management Tools.tbx\AddXY" Date="20210603" Time="015957">AddXY Luminarias_Catastro_2021</Process><Process ToolSource="c:\program files (x86)\arcgis\desktop10.1\ArcToolbox\Toolboxes\Data Management Tools.tbx\CalculateField" Date="20210616" Time="170456">CalculateField Luminarias_Catastro_2021 P800 "ant" VB #</Process><Process ToolSource="c:\program files (x86)\arcgis\desktop10.1\ArcToolbox\Toolboxes\Data Management Tools.tbx\CalculateField" Date="20210622" Time="003959">CalculateField Luminarias_Catastro_2021 DESCRIPTIO "UV32" VB #</Process><Process ToolSource="c:\program files (x86)\arcgis\desktop10.1\ArcToolbox\Toolboxes\Data Management Tools.tbx\CalculateField" Date="20210622" Time="004121">CalculateField Luminarias_Catastro_2021 CALLE "CARLOS DITTBORN" VB #</Process><Process ToolSource="c:\program files (x86)\arcgis\desktop10.1\ArcToolbox\Toolboxes\Data Management Tools.tbx\CalculateField" Date="20211103" Time="020546">CalculateField Luminarias_Catastro_2021 POTENCIA2 "75LED" VB #</Process><Process ToolSource="c:\program files (x86)\arcgis\desktop10.1\ArcToolbox\Toolboxes\Data Management Tools.tbx\CalculateField" Date="20211103" Time="020617">CalculateField Luminarias_Catastro_2021 MODELO2 "RALED" VB #</Process><Process ToolSource="c:\program files (x86)\arcgis\desktop10.1\ArcToolbox\Toolboxes\Data Management Tools.tbx\CalculateField" Date="20211103" Time="022040">CalculateField Luminarias_Catastro_2021 MODELO1 "RALED" VB #</Process><Process ToolSource="c:\program files (x86)\arcgis\desktop10.1\ArcToolbox\Toolboxes\Data Management Tools.tbx\CalculateField" Date="20211103" Time="022055">CalculateField Luminarias_Catastro_2021 POTENCIA1 "75LED" VB #</Process><Process ToolSource="c:\program files (x86)\arcgis\desktop10.1\ArcToolbox\Toolboxes\Data Management Tools.tbx\CalculateField" Date="20211116" Time="223955">CalculateField Luminarias_Catastro_2021 POTENCIA1 "120LED" VB #</Process><Process ToolSource="c:\program files (x86)\arcgis\desktop10.1\ArcToolbox\Toolboxes\Data Management Tools.tbx\CalculateField" Date="20211116" Time="224127">CalculateField Luminarias_Catastro_2021 POTENCIA1 "120LED" VB #</Process><Process ToolSource="c:\program files (x86)\arcgis\desktop10.1\ArcToolbox\Toolboxes\Data Management Tools.tbx\CalculateField" Date="20211116" Time="224141">CalculateField Luminarias_Catastro_2021 POTENCIA1 "120LED" VB #</Process><Process ToolSource="c:\program files (x86)\arcgis\desktop10.1\ArcToolbox\Toolboxes\Data Management Tools.tbx\CalculateField" Date="20211116" Time="224154">CalculateField Luminarias_Catastro_2021 POTENCIA1 "120LED" VB #</Process><Process ToolSource="c:\program files (x86)\arcgis\desktop10.1\ArcToolbox\Toolboxes\Data Management Tools.tbx\CalculateField" Date="20211116" Time="224232">CalculateField Luminarias_Catastro_2021 POTENCIA1 "120LED" VB #</Process><Process ToolSource="c:\program files (x86)\arcgis\desktop10.1\ArcToolbox\Toolboxes\Data Management Tools.tbx\CalculateField" Date="20211117" Time="001407">CalculateField Luminarias_Catastro_2021 POTENCIA1 "200LED" VB #</Process><Process ToolSource="c:\program files (x86)\arcgis\desktop10.1\ArcToolbox\Toolboxes\Data Management Tools.tbx\CalculateField" Date="20211117" Time="001434">CalculateField Luminarias_Catastro_2021 MODELO1 "SYLVANIA" VB #</Process><Process ToolSource="c:\program files (x86)\arcgis\desktop10.1\ArcToolbox\Toolboxes\Data Management Tools.tbx\CalculateField" Date="20211117" Time="001713">CalculateField Luminarias_Catastro_2021 MODELO1 "SYLVANIA" VB #</Process><Process ToolSource="c:\program files (x86)\arcgis\desktop10.1\ArcToolbox\Toolboxes\Data Management Tools.tbx\CalculateField" Date="20211117" Time="002737">CalculateField Luminarias_Catastro_2021 POTENCIA1 "160LED" VB #</Process><Process ToolSource="c:\program files (x86)\arcgis\desktop10.1\ArcToolbox\Toolboxes\Data Management Tools.tbx\CalculateField" Date="20211117" Time="002746">CalculateField Luminarias_Catastro_2021 MODELO1 "RALED" VB #</Process><Process ToolSource="c:\program files (x86)\arcgis\desktop10.1\ArcToolbox\Toolboxes\Data Management Tools.tbx\CalculateField" Date="20211117" Time="004757">CalculateField Luminarias_Catastro_2021 MODELO1 "RALED" VB #</Process><Process ToolSource="c:\program files (x86)\arcgis\desktop10.1\ArcToolbox\Toolboxes\Data Management Tools.tbx\CalculateField" Date="20211117" Time="004808">CalculateField Luminarias_Catastro_2021 POTENCIA1 "160LED" VB #</Process><Process ToolSource="c:\program files (x86)\arcgis\desktop10.1\ArcToolbox\Toolboxes\Data Management Tools.tbx\CalculateField" Date="20211117" Time="005050">CalculateField Luminarias_Catastro_2021 POTENCIA1 "160LED" VB #</Process><Process ToolSource="c:\program files (x86)\arcgis\desktop10.1\ArcToolbox\Toolboxes\Data Management Tools.tbx\CalculateField" Date="20211117" Time="005100">CalculateField Luminarias_Catastro_2021 MODELO1 "RALED" VB #</Process><Process ToolSource="c:\program files (x86)\arcgis\desktop10.1\ArcToolbox\Toolboxes\Data Management Tools.tbx\CalculateField" Date="20211117" Time="005201">CalculateField Luminarias_Catastro_2021 MODELO1 "RALED" VB #</Process><Process ToolSource="c:\program files (x86)\arcgis\desktop10.1\ArcToolbox\Toolboxes\Data Management Tools.tbx\CalculateField" Date="20211117" Time="005210">CalculateField Luminarias_Catastro_2021 POTENCIA1 "160LED" VB #</Process><Process ToolSource="c:\program files (x86)\arcgis\desktop10.1\ArcToolbox\Toolboxes\Data Management Tools.tbx\CalculateField" Date="20211117" Time="005712">CalculateField Luminarias_Catastro_2021 CANTIDAD1 2 VB #</Process><Process ToolSource="c:\program files (x86)\arcgis\desktop10.1\ArcToolbox\Toolboxes\Data Management Tools.tbx\CalculateField" Date="20211117" Time="005733">CalculateField Luminarias_Catastro_2021 GANCHO2 "" VB #</Process><Process ToolSource="c:\program files (x86)\arcgis\desktop10.1\ArcToolbox\Toolboxes\Data Management Tools.tbx\CalculateField" Date="20211117" Time="005737">CalculateField Luminarias_Catastro_2021 POTENCIA2 "" VB #</Process><Process ToolSource="c:\program files (x86)\arcgis\desktop10.1\ArcToolbox\Toolboxes\Data Management Tools.tbx\CalculateField" Date="20211117" Time="005741">CalculateField Luminarias_Catastro_2021 MODELO2 "" VB #</Process><Process ToolSource="c:\program files (x86)\arcgis\desktop10.1\ArcToolbox\Toolboxes\Data Management Tools.tbx\CalculateField" Date="20211117" Time="010427">CalculateField Luminarias_Catastro_2021 POTENCIA1 "210LED" VB #</Process><Process ToolSource="c:\program files (x86)\arcgis\desktop10.1\ArcToolbox\Toolboxes\Data Management Tools.tbx\CalculateField" Date="20211117" Time="010436">CalculateField Luminarias_Catastro_2021 MODELO1 "RALED" VB #</Process><Process ToolSource="c:\program files (x86)\arcgis\desktop10.1\ArcToolbox\Toolboxes\Data Management Tools.tbx\CalculateField" Date="20211117" Time="010448">CalculateField Luminarias_Catastro_2021 POTENCIA2 "76LED" VB #</Process><Process ToolSource="c:\program files (x86)\arcgis\desktop10.1\ArcToolbox\Toolboxes\Data Management Tools.tbx\CalculateField" Date="20211117" Time="011055">CalculateField Luminarias_Catastro_2021 POTENCIA1 "110LED" VB #</Process><Process ToolSource="c:\program files (x86)\arcgis\desktop10.1\ArcToolbox\Toolboxes\Data Management Tools.tbx\CalculateField" Date="20211117" Time="011422">CalculateField Luminarias_Catastro_2021 POTENCIA1 "210LED" VB #</Process><Process ToolSource="c:\program files (x86)\arcgis\desktop10.1\ArcToolbox\Toolboxes\Data Management Tools.tbx\CalculateField" Date="20211117" Time="011432">CalculateField Luminarias_Catastro_2021 MODELO1 "RALED" VB #</Process><Process ToolSource="c:\program files (x86)\arcgis\desktop10.1\ArcToolbox\Toolboxes\Data Management Tools.tbx\CalculateField" Date="20211117" Time="011509">CalculateField Luminarias_Catastro_2021 POTENCIA2 "80LED" VB #</Process><Process ToolSource="c:\program files (x86)\arcgis\desktop10.1\ArcToolbox\Toolboxes\Data Management Tools.tbx\CalculateField" Date="20211117" Time="011521">CalculateField Luminarias_Catastro_2021 MODELO2 "SYLVANIA" VB #</Process><Process ToolSource="c:\program files (x86)\arcgis\desktop10.1\ArcToolbox\Toolboxes\Data Management Tools.tbx\CalculateField" Date="20211117" Time="011743">CalculateField Luminarias_Catastro_2021 POTENCIA1 "210LED" VB #</Process><Process ToolSource="c:\program files (x86)\arcgis\desktop10.1\ArcToolbox\Toolboxes\Data Management Tools.tbx\CalculateField" Date="20211117" Time="011752">CalculateField Luminarias_Catastro_2021 MODELO1 "RALED" VB #</Process><Process ToolSource="c:\program files (x86)\arcgis\desktop10.1\ArcToolbox\Toolboxes\Data Management Tools.tbx\CalculateField" Date="20211117" Time="011813">CalculateField Luminarias_Catastro_2021 POTENCIA2 "80LED" VB #</Process><Process ToolSource="c:\program files (x86)\arcgis\desktop10.1\ArcToolbox\Toolboxes\Data Management Tools.tbx\CalculateField" Date="20211117" Time="011824">CalculateField Luminarias_Catastro_2021 MODELO2 "SYLVANIA" VB #</Process><Process ToolSource="c:\program files (x86)\arcgis\desktop10.1\ArcToolbox\Toolboxes\Data Management Tools.tbx\AddXY" Date="20211117" Time="012705">AddXY Luminarias_Catastro_2021</Process><Process ToolSource="c:\program files (x86)\arcgis\desktop10.1\ArcToolbox\Toolboxes\Data Management Tools.tbx\CalculateField" Date="20211117" Time="013946">CalculateField Luminarias_Catastro_2021 POTENCIA1 "200LED" VB #</Process><Process ToolSource="c:\program files (x86)\arcgis\desktop10.1\ArcToolbox\Toolboxes\Data Management Tools.tbx\CalculateField" Date="20211117" Time="013956">CalculateField Luminarias_Catastro_2021 MODELO1 "RALED" VB #</Process><Process ToolSource="c:\program files (x86)\arcgis\desktop10.1\ArcToolbox\Toolboxes\Data Management Tools.tbx\CalculateField" Date="20211117" Time="014942">CalculateField Luminarias_Catastro_2021 POTENCIA1 "160LED" VB #</Process><Process ToolSource="c:\program files (x86)\arcgis\desktop10.1\ArcToolbox\Toolboxes\Data Management Tools.tbx\CalculateField" Date="20211117" Time="014950">CalculateField Luminarias_Catastro_2021 MODELO1 "RALED" VB #</Process><Process ToolSource="c:\program files (x86)\arcgis\desktop10.1\ArcToolbox\Toolboxes\Data Management Tools.tbx\CalculateField" Date="20211117" Time="015001">CalculateField Luminarias_Catastro_2021 POTENCIA2 "76LED" VB #</Process><Process ToolSource="c:\program files (x86)\arcgis\desktop10.1\ArcToolbox\Toolboxes\Data Management Tools.tbx\CalculateField" Date="20211117" Time="015012">CalculateField Luminarias_Catastro_2021 MODELO2 "RALED" VB #</Process><Process ToolSource="c:\program files (x86)\arcgis\desktop10.1\ArcToolbox\Toolboxes\Data Management Tools.tbx\CalculateField" Date="20211117" Time="015557">CalculateField Luminarias_Catastro_2021 MODELO1 "RALED" VB #</Process><Process ToolSource="c:\program files (x86)\arcgis\desktop10.1\ArcToolbox\Toolboxes\Data Management Tools.tbx\CalculateField" Date="20211117" Time="015608">CalculateField Luminarias_Catastro_2021 POTENCIA1 "76LED" VB #</Process><Process ToolSource="c:\program files (x86)\arcgis\desktop10.1\ArcToolbox\Toolboxes\Data Management Tools.tbx\CalculateField" Date="20211117" Time="020142">CalculateField Luminarias_Catastro_2021 POTENCIA1 "200LED" VB #</Process><Process ToolSource="c:\program files (x86)\arcgis\desktop10.1\ArcToolbox\Toolboxes\Data Management Tools.tbx\CalculateField" Date="20211117" Time="020154">CalculateField Luminarias_Catastro_2021 MODELO1 "RALED" VB #</Process><Process ToolSource="c:\program files (x86)\arcgis\desktop10.1\ArcToolbox\Toolboxes\Data Management Tools.tbx\CalculateField" Date="20211117" Time="020223">CalculateField Luminarias_Catastro_2021 POTENCIA2 "76LED" VB #</Process><Process ToolSource="c:\program files (x86)\arcgis\desktop10.1\ArcToolbox\Toolboxes\Data Management Tools.tbx\CalculateField" Date="20211117" Time="020234">CalculateField Luminarias_Catastro_2021 MODELO2 "RALED" VB #</Process><Process ToolSource="c:\program files (x86)\arcgis\desktop10.1\ArcToolbox\Toolboxes\Data Management Tools.tbx\CalculateField" Date="20211129" Time="174821">CalculateField Luminarias_Catastro_2021 UV "UV01" VB #</Process><Process ToolSource="c:\program files (x86)\arcgis\desktop10.1\ArcToolbox\Toolboxes\Data Management Tools.tbx\CalculateField" Date="20211129" Time="175312">CalculateField Luminarias_Catastro_2021 UV "UV02" VB #</Process><Process ToolSource="c:\program files (x86)\arcgis\desktop10.1\ArcToolbox\Toolboxes\Data Management Tools.tbx\CalculateField" Date="20211129" Time="175729">CalculateField Luminarias_Catastro_2021 UV "UV03" VB #</Process><Process ToolSource="c:\program files (x86)\arcgis\desktop10.1\ArcToolbox\Toolboxes\Data Management Tools.tbx\CalculateField" Date="20211129" Time="175959">CalculateField Luminarias_Catastro_2021 UV "UV04" VB #</Process><Process ToolSource="c:\program files (x86)\arcgis\desktop10.1\ArcToolbox\Toolboxes\Data Management Tools.tbx\CalculateField" Date="20211129" Time="180412">CalculateField Luminarias_Catastro_2021 UV "UV05" VB #</Process><Process ToolSource="c:\program files (x86)\arcgis\desktop10.1\ArcToolbox\Toolboxes\Data Management Tools.tbx\CalculateField" Date="20211129" Time="181047">CalculateField Luminarias_Catastro_2021 UV "UV06" VB #</Process><Process ToolSource="c:\program files (x86)\arcgis\desktop10.1\ArcToolbox\Toolboxes\Data Management Tools.tbx\CalculateField" Date="20211129" Time="181432">CalculateField Luminarias_Catastro_2021 UV "UV07" VB #</Process><Process ToolSource="c:\program files (x86)\arcgis\desktop10.1\ArcToolbox\Toolboxes\Data Management Tools.tbx\CalculateField" Date="20211129" Time="181735">CalculateField Luminarias_Catastro_2021 UV "UV08" VB #</Process><Process ToolSource="c:\program files (x86)\arcgis\desktop10.1\ArcToolbox\Toolboxes\Data Management Tools.tbx\CalculateField" Date="20211129" Time="181936">CalculateField Luminarias_Catastro_2021 UV "UV09" VB #</Process><Process ToolSource="c:\program files (x86)\arcgis\desktop10.1\ArcToolbox\Toolboxes\Data Management Tools.tbx\CalculateField" Date="20211129" Time="182144">CalculateField Luminarias_Catastro_2021 UV "UV10" VB #</Process><Process ToolSource="c:\program files (x86)\arcgis\desktop10.1\ArcToolbox\Toolboxes\Data Management Tools.tbx\CalculateField" Date="20211129" Time="182351">CalculateField Luminarias_Catastro_2021 UV "UV10" VB #</Process><Process ToolSource="c:\program files (x86)\arcgis\desktop10.1\ArcToolbox\Toolboxes\Data Management Tools.tbx\CalculateField" Date="20211129" Time="182708">CalculateField Luminarias_Catastro_2021 UV "UV11" VB #</Process><Process ToolSource="c:\program files (x86)\arcgis\desktop10.1\ArcToolbox\Toolboxes\Data Management Tools.tbx\CalculateField" Date="20211129" Time="183153">CalculateField Luminarias_Catastro_2021 UV "UV12" VB #</Process><Process ToolSource="c:\program files (x86)\arcgis\desktop10.1\ArcToolbox\Toolboxes\Data Management Tools.tbx\CalculateField" Date="20211129" Time="183629">CalculateField Luminarias_Catastro_2021 UV "UV13" VB #</Process><Process ToolSource="c:\program files (x86)\arcgis\desktop10.1\ArcToolbox\Toolboxes\Data Management Tools.tbx\CalculateField" Date="20211129" Time="184116">CalculateField Luminarias_Catastro_2021 UV "UV14" VB #</Process><Process ToolSource="c:\program files (x86)\arcgis\desktop10.1\ArcToolbox\Toolboxes\Data Management Tools.tbx\CalculateField" Date="20211129" Time="184446">CalculateField Luminarias_Catastro_2021 UV "UV15" VB #</Process><Process ToolSource="c:\program files (x86)\arcgis\desktop10.1\ArcToolbox\Toolboxes\Data Management Tools.tbx\CalculateField" Date="20211129" Time="184719">CalculateField Luminarias_Catastro_2021 UV "UV16" VB #</Process><Process ToolSource="c:\program files (x86)\arcgis\desktop10.1\ArcToolbox\Toolboxes\Data Management Tools.tbx\CalculateField" Date="20211129" Time="184946">CalculateField Luminarias_Catastro_2021 UV "UV17" VB #</Process><Process ToolSource="c:\program files (x86)\arcgis\desktop10.1\ArcToolbox\Toolboxes\Data Management Tools.tbx\CalculateField" Date="20211129" Time="185212">CalculateField Luminarias_Catastro_2021 UV "UV18" VB #</Process><Process ToolSource="c:\program files (x86)\arcgis\desktop10.1\ArcToolbox\Toolboxes\Data Management Tools.tbx\CalculateField" Date="20211129" Time="185447">CalculateField Luminarias_Catastro_2021 UV "UV19" VB #</Process><Process ToolSource="c:\program files (x86)\arcgis\desktop10.1\ArcToolbox\Toolboxes\Data Management Tools.tbx\CalculateField" Date="20211129" Time="185720">CalculateField Luminarias_Catastro_2021 UV "UV20" VB #</Process><Process ToolSource="c:\program files (x86)\arcgis\desktop10.1\ArcToolbox\Toolboxes\Data Management Tools.tbx\CalculateField" Date="20211129" Time="185852">CalculateField Luminarias_Catastro_2021 UV "UV21" VB #</Process><Process ToolSource="c:\program files (x86)\arcgis\desktop10.1\ArcToolbox\Toolboxes\Data Management Tools.tbx\CalculateField" Date="20211129" Time="190218">CalculateField Luminarias_Catastro_2021 UV "UV22" VB #</Process><Process ToolSource="c:\program files (x86)\arcgis\desktop10.1\ArcToolbox\Toolboxes\Data Management Tools.tbx\CalculateField" Date="20211129" Time="215947">CalculateField Luminarias_Catastro_2021 UV "UV23" VB #</Process><Process ToolSource="c:\program files (x86)\arcgis\desktop10.1\ArcToolbox\Toolboxes\Data Management Tools.tbx\CalculateField" Date="20211129" Time="220250">CalculateField Luminarias_Catastro_2021 UV "UV24" VB #</Process><Process ToolSource="c:\program files (x86)\arcgis\desktop10.1\ArcToolbox\Toolboxes\Data Management Tools.tbx\CalculateField" Date="20211129" Time="220511">CalculateField Luminarias_Catastro_2021 UV "UV25" VB #</Process><Process ToolSource="c:\program files (x86)\arcgis\desktop10.1\ArcToolbox\Toolboxes\Data Management Tools.tbx\CalculateField" Date="20211129" Time="221503">CalculateField Luminarias_Catastro_2021 UV "UV26" VB #</Process><Process ToolSource="c:\program files (x86)\arcgis\desktop10.1\ArcToolbox\Toolboxes\Data Management Tools.tbx\CalculateField" Date="20211129" Time="221949">CalculateField Luminarias_Catastro_2021 UV "UV27" VB #</Process><Process ToolSource="c:\program files (x86)\arcgis\desktop10.1\ArcToolbox\Toolboxes\Data Management Tools.tbx\CalculateField" Date="20211129" Time="222024">CalculateField Luminarias_Catastro_2021 UV "UV26" VB #</Process><Process ToolSource="c:\program files (x86)\arcgis\desktop10.1\ArcToolbox\Toolboxes\Data Management Tools.tbx\CalculateField" Date="20211129" Time="222441">CalculateField Luminarias_Catastro_2021 UV "UV28" VB #</Process><Process ToolSource="c:\program files (x86)\arcgis\desktop10.1\ArcToolbox\Toolboxes\Data Management Tools.tbx\CalculateField" Date="20211129" Time="222658">CalculateField Luminarias_Catastro_2021 UV "UV29" VB #</Process><Process ToolSource="c:\program files (x86)\arcgis\desktop10.1\ArcToolbox\Toolboxes\Data Management Tools.tbx\CalculateField" Date="20211129" Time="222842">CalculateField Luminarias_Catastro_2021 UV "UV30" VB #</Process><Process ToolSource="c:\program files (x86)\arcgis\desktop10.1\ArcToolbox\Toolboxes\Data Management Tools.tbx\CalculateField" Date="20211129" Time="223632">CalculateField Luminarias_Catastro_2021 UV "UV31" VB #</Process><Process ToolSource="c:\program files (x86)\arcgis\desktop10.1\ArcToolbox\Toolboxes\Data Management Tools.tbx\CalculateField" Date="20211129" Time="223945">CalculateField Luminarias_Catastro_2021 UV "UV32" VB #</Process><Process ToolSource="c:\program files (x86)\arcgis\desktop10.1\ArcToolbox\Toolboxes\Data Management Tools.tbx\CalculateField" Date="20211129" Time="224200">CalculateField Luminarias_Catastro_2021 UV "UV33" VB #</Process><Process ToolSource="c:\program files (x86)\arcgis\desktop10.1\ArcToolbox\Toolboxes\Data Management Tools.tbx\CalculateField" Date="20211129" Time="224246">CalculateField Luminarias_Catastro_2021 UV "UV34" VB #</Process><Process ToolSource="c:\program files (x86)\arcgis\desktop10.1\ArcToolbox\Toolboxes\Data Management Tools.tbx\CalculateField" Date="20211129" Time="224334">CalculateField Luminarias_Catastro_2021 UV "UV35" VB #</Process><Process ToolSource="c:\program files (x86)\arcgis\desktop10.1\ArcToolbox\Toolboxes\Data Management Tools.tbx\CalculateField" Date="20211129" Time="224716">CalculateField Luminarias_Catastro_2021 UV "UV37" VB #</Process><Process ToolSource="c:\program files (x86)\arcgis\desktop10.1\ArcToolbox\Toolboxes\Data Management Tools.tbx\CalculateField" Date="20211129" Time="225327">CalculateField Luminarias_Catastro_2021 UV "UV36" VB #</Process><Process ToolSource="c:\program files (x86)\arcgis\desktop10.1\ArcToolbox\Toolboxes\Data Management Tools.tbx\CalculateField" Date="20211129" Time="225951">CalculateField Luminarias_Catastro_2021 UV "UV18" VB #</Process><Process ToolSource="c:\program files (x86)\arcgis\desktop10.1\ArcToolbox\Toolboxes\Data Management Tools.tbx\CalculateField" Date="20211129" Time="225959">CalculateField Luminarias_Catastro_2021 UV "UV18" VB #</Process><Process ToolSource="c:\program files (x86)\arcgis\desktop10.1\ArcToolbox\Toolboxes\Data Management Tools.tbx\CalculateField" Date="20211129" Time="230043">CalculateField Luminarias_Catastro_2021 UV "UV21" VB #</Process><Process ToolSource="c:\program files (x86)\arcgis\desktop10.1\ArcToolbox\Toolboxes\Data Management Tools.tbx\CalculateField" Date="20211129" Time="230103">CalculateField Luminarias_Catastro_2021 UV "UV20" VB #</Process><Process ToolSource="c:\program files (x86)\arcgis\desktop10.1\ArcToolbox\Toolboxes\Data Management Tools.tbx\CalculateField" Date="20211129" Time="230142">CalculateField Luminarias_Catastro_2021 UV "UV01" VB #</Process><Process ToolSource="c:\program files (x86)\arcgis\desktop10.1\ArcToolbox\Toolboxes\Data Management Tools.tbx\CalculateField" Date="20211129" Time="230156">CalculateField Luminarias_Catastro_2021 UV "UV03" VB #</Process><Process ToolSource="c:\program files (x86)\arcgis\desktop10.1\ArcToolbox\Toolboxes\Data Management Tools.tbx\CalculateField" Date="20211129" Time="230312">CalculateField Luminarias_Catastro_2021 UV "UV30" VB #</Process><Process ToolSource="c:\program files (x86)\arcgis\desktop10.1\ArcToolbox\Toolboxes\Data Management Tools.tbx\CalculateField" Date="20211129" Time="230341">CalculateField Luminarias_Catastro_2021 UV "UV33" VB #</Process></lineage></DataProperties></Esri></metadata>
