<?xml version="1.0" encoding="UTF-8"?>
<metadata xml:lang="es"><Esri><CreaDate>20210531</CreaDate><CreaTime>09422900</CreaTime><ArcGISFormat>1.0</ArcGISFormat><SyncOnce>FALSE</SyncOnce><DataProperties><itemProps><itemName Sync="TRUE">UV01_MEDIDOR_Merge1</itemName><imsContentType Sync="TRUE">002</imsContentType><itemLocation><linkage Sync="TRUE">file://\\DESKTOP-ISUM2MQ\C$\Users\usuario\Documents\ArcGIS\Default.gdb</linkage><protocol Sync="TRUE">Local Area Network</protocol></itemLocation></itemProps><coordRef><type Sync="TRUE">Projected</type><geogcsn Sync="TRUE">User Define</geogcsn><csUnits Sync="TRUE">Linear Unit: METER (1.000000)</csUnits><projcsn Sync="TRUE">User Define</projcsn><peXml Sync="TRUE">&lt;ProjectedCoordinateSystem xsi:type='typens:ProjectedCoordinateSystem' xmlns:xsi='http://www.w3.org/2001/XMLSchema-instance' xmlns:xs='http://www.w3.org/2001/XMLSchema' xmlns:typens='http://www.esri.com/schemas/ArcGIS/10.1'&gt;&lt;WKT&gt;PROJCS[&amp;quot;User Define&amp;quot;,GEOGCS[&amp;quot;User Define&amp;quot;,DATUM[&amp;quot;User Define&amp;quot;,SPHEROID[&amp;quot;User Define&amp;quot;,6378137.0,298.257223563]],PRIMEM[&amp;quot;Greenwich&amp;quot;,0.0],UNIT[&amp;quot;DEGREE&amp;quot;,0.0174532925199433]],PROJECTION[&amp;quot;Transverse_Mercator&amp;quot;],PARAMETER[&amp;quot;false_easting&amp;quot;,500000.0],PARAMETER[&amp;quot;false_northing&amp;quot;,10000000.0],PARAMETER[&amp;quot;central_meridian&amp;quot;,-69.0],PARAMETER[&amp;quot;standard_parallel_1&amp;quot;,0.0],PARAMETER[&amp;quot;standard_parallel_2&amp;quot;,0.0],PARAMETER[&amp;quot;scale_factor&amp;quot;,0.9996],PARAMETER[&amp;quot;latitude_of_origin&amp;quot;,0.0],UNIT[&amp;quot;METER&amp;quot;,1.0]]&lt;/WKT&gt;&lt;XOrigin&gt;-5120900&lt;/XOrigin&gt;&lt;YOrigin&gt;1900&lt;/YOrigin&gt;&lt;XYScale&gt;10000&lt;/XYScale&gt;&lt;ZOrigin&gt;-100000&lt;/ZOrigin&gt;&lt;ZScale&gt;10000&lt;/ZScale&gt;&lt;MOrigin&gt;-100000&lt;/MOrigin&gt;&lt;MScale&gt;10000&lt;/MScale&gt;&lt;XYTolerance&gt;0.001&lt;/XYTolerance&gt;&lt;ZTolerance&gt;0.001&lt;/ZTolerance&gt;&lt;MTolerance&gt;0.001&lt;/MTolerance&gt;&lt;HighPrecision&gt;true&lt;/HighPrecision&gt;&lt;/ProjectedCoordinateSystem&gt;</peXml></coordRef><lineage><Process ToolSource="c:\program files (x86)\arcgis\desktop10.1\ArcToolbox\Toolboxes\Data Management Tools.tbx\Merge" Date="20210525" Time="074625">Merge 'Nueva capa de grupo\UV01_MEDIDOR';'Nueva capa de grupo\UV02_MEDIDOR';'Nueva capa de grupo\UV03_MEDIDOR';'Nueva capa de grupo\UV04_MEDIDOR';'Nueva capa de grupo\UV05_MEDIDOR';'Nueva capa de grupo\UV06_MEDIDOR';'Nueva capa de grupo\UV07_MEDIDOR';'Nueva capa de grupo\UV08_MEDIDOR';'Nueva capa de grupo\UV09_MEDIDOR';'Nueva capa de grupo\UV10_MEDIDOR';'Nueva capa de grupo\UV11_MEDIDOR';'Nueva capa de grupo\UV12_MEDIDOR';'Nueva capa de grupo\UV13_MEDIDOR';'Nueva capa de grupo\UV14_MEDIDOR';'Nueva capa de grupo\UV15_MEDIDOR';'Nueva capa de grupo\UV16_MEDIDOR';'Nueva capa de grupo\UV17_MEDIDOR';'Nueva capa de grupo\UV18_MEDIDOR';'Nueva capa de grupo\UV19_MEDIDOR';'Nueva capa de grupo\UV20_MEDIDOR';'Nueva capa de grupo\UV21_MEDIDOR';'Nueva capa de grupo\UV22_MEDIDOR';'Nueva capa de grupo\UV23_MEDIDOR';'Nueva capa de grupo\UV24_MEDIDOR';'Nueva capa de grupo\UV25_MEDIDOR';'Nueva capa de grupo\UV26_MEDIDOR';'Nueva capa de grupo\UV27_MEDIDOR';'Nueva capa de grupo\UV28_MEDIDOR';'Nueva capa de grupo\UV29_MEDIDOR';'Nueva capa de grupo\UV30_MEDIDOR';'Nueva capa de grupo\UV31_MEDIDOR';'Nueva capa de grupo\UV32_MEDIDOR';'Nueva capa de grupo\UV33_MEDIDOR';'Nueva capa de grupo\UV34_MEDIDOR';'Nueva capa de grupo\UV35_MEDIDOR';'Nueva capa de grupo\UV36_MEDIDOR';'Nueva capa de grupo\UV37_MEDIDOR' C:\Users\usuario\Documents\ArcGIS\Default.gdb\UV01_MEDIDOR_Merge1 "UserID "UserID" true true false 9 Long 0 9 ,First,#,Nueva capa de grupo\UV01_MEDIDOR,UserID,-1,-1,Nueva capa de grupo\UV02_MEDIDOR,UserID,-1,-1,Nueva capa de grupo\UV03_MEDIDOR,UserID,-1,-1,Nueva capa de grupo\UV04_MEDIDOR,UserID,-1,-1,Nueva capa de grupo\UV05_MEDIDOR,UserID,-1,-1,Nueva capa de grupo\UV06_MEDIDOR,UserID,-1,-1,Nueva capa de grupo\UV07_MEDIDOR,UserID,-1,-1,Nueva capa de grupo\UV08_MEDIDOR,UserID,-1,-1,Nueva capa de grupo\UV09_MEDIDOR,UserID,-1,-1,Nueva capa de grupo\UV10_MEDIDOR,UserID,-1,-1,Nueva capa de grupo\UV11_MEDIDOR,UserID,-1,-1,Nueva capa de grupo\UV12_MEDIDOR,UserID,-1,-1,Nueva capa de grupo\UV13_MEDIDOR,UserID,-1,-1,Nueva capa de grupo\UV14_MEDIDOR,UserID,-1,-1,Nueva capa de grupo\UV15_MEDIDOR,UserID,-1,-1,Nueva capa de grupo\UV16_MEDIDOR,UserID,-1,-1,Nueva capa de grupo\UV17_MEDIDOR,UserID,-1,-1,Nueva capa de grupo\UV18_MEDIDOR,UserID,-1,-1,Nueva capa de grupo\UV19_MEDIDOR,UserID,-1,-1,Nueva capa de grupo\UV20_MEDIDOR,UserID,-1,-1,Nueva capa de grupo\UV21_MEDIDOR,UserID,-1,-1,Nueva capa de grupo\UV22_MEDIDOR,UserID,-1,-1,Nueva capa de grupo\UV23_MEDIDOR,UserID,-1,-1,Nueva capa de grupo\UV24_MEDIDOR,UserID,-1,-1,Nueva capa de grupo\UV25_MEDIDOR,UserID,-1,-1,Nueva capa de grupo\UV26_MEDIDOR,UserID,-1,-1,Nueva capa de grupo\UV27_MEDIDOR,UserID,-1,-1,Nueva capa de grupo\UV28_MEDIDOR,UserID,-1,-1,Nueva capa de grupo\UV29_MEDIDOR,UserID,-1,-1,Nueva capa de grupo\UV30_MEDIDOR,UserID,-1,-1,Nueva capa de grupo\UV31_MEDIDOR,UserID,-1,-1,Nueva capa de grupo\UV32_MEDIDOR,UserID,-1,-1,Nueva capa de grupo\UV33_MEDIDOR,UserID,-1,-1,Nueva capa de grupo\UV34_MEDIDOR,UserID,-1,-1,Nueva capa de grupo\UV35_MEDIDOR,UserID,-1,-1,Nueva capa de grupo\UV36_MEDIDOR,UserID,-1,-1,Nueva capa de grupo\UV37_MEDIDOR,UserID,-1,-1;POINTTYPE "POINTTYPE" true true false 254 Text 0 0 ,First,#,Nueva capa de grupo\UV01_MEDIDOR,POINTTYPE,-1,-1,Nueva capa de grupo\UV02_MEDIDOR,POINTTYPE,-1,-1,Nueva capa de grupo\UV03_MEDIDOR,POINTTYPE,-1,-1,Nueva capa de grupo\UV04_MEDIDOR,POINTTYPE,-1,-1,Nueva capa de grupo\UV05_MEDIDOR,POINTTYPE,-1,-1,Nueva capa de grupo\UV06_MEDIDOR,POINTTYPE,-1,-1,Nueva capa de grupo\UV07_MEDIDOR,POINTTYPE,-1,-1,Nueva capa de grupo\UV08_MEDIDOR,POINTTYPE,-1,-1,Nueva capa de grupo\UV09_MEDIDOR,POINTTYPE,-1,-1,Nueva capa de grupo\UV10_MEDIDOR,POINTTYPE,-1,-1,Nueva capa de grupo\UV11_MEDIDOR,POINTTYPE,-1,-1,Nueva capa de grupo\UV12_MEDIDOR,POINTTYPE,-1,-1,Nueva capa de grupo\UV13_MEDIDOR,POINTTYPE,-1,-1,Nueva capa de grupo\UV14_MEDIDOR,POINTTYPE,-1,-1,Nueva capa de grupo\UV15_MEDIDOR,POINTTYPE,-1,-1,Nueva capa de grupo\UV16_MEDIDOR,POINTTYPE,-1,-1,Nueva capa de grupo\UV17_MEDIDOR,POINTTYPE,-1,-1,Nueva capa de grupo\UV18_MEDIDOR,POINTTYPE,-1,-1,Nueva capa de grupo\UV19_MEDIDOR,POINTTYPE,-1,-1,Nueva capa de grupo\UV20_MEDIDOR,POINTTYPE,-1,-1,Nueva capa de grupo\UV21_MEDIDOR,POINTTYPE,-1,-1,Nueva capa de grupo\UV22_MEDIDOR,POINTTYPE,-1,-1,Nueva capa de grupo\UV23_MEDIDOR,POINTTYPE,-1,-1,Nueva capa de grupo\UV24_MEDIDOR,POINTTYPE,-1,-1,Nueva capa de grupo\UV25_MEDIDOR,POINTTYPE,-1,-1,Nueva capa de grupo\UV26_MEDIDOR,POINTTYPE,-1,-1,Nueva capa de grupo\UV27_MEDIDOR,POINTTYPE,-1,-1,Nueva capa de grupo\UV28_MEDIDOR,POINTTYPE,-1,-1,Nueva capa de grupo\UV29_MEDIDOR,POINTTYPE,-1,-1,Nueva capa de grupo\UV30_MEDIDOR,POINTTYPE,-1,-1,Nueva capa de grupo\UV31_MEDIDOR,POINTTYPE,-1,-1,Nueva capa de grupo\UV32_MEDIDOR,POINTTYPE,-1,-1,Nueva capa de grupo\UV33_MEDIDOR,POINTTYPE,-1,-1,Nueva capa de grupo\UV34_MEDIDOR,POINTTYPE,-1,-1,Nueva capa de grupo\UV35_MEDIDOR,POINTTYPE,-1,-1,Nueva capa de grupo\UV36_MEDIDOR,POINTTYPE,-1,-1,Nueva capa de grupo\UV37_MEDIDOR,POINTTYPE,-1,-1;NAME "NAME" true true false 254 Text 0 0 ,First,#,Nueva capa de grupo\UV01_MEDIDOR,NAME,-1,-1,Nueva capa de grupo\UV02_MEDIDOR,NAME,-1,-1,Nueva capa de grupo\UV03_MEDIDOR,NAME,-1,-1,Nueva capa de grupo\UV04_MEDIDOR,NAME,-1,-1,Nueva capa de grupo\UV05_MEDIDOR,NAME,-1,-1,Nueva capa de grupo\UV06_MEDIDOR,NAME,-1,-1,Nueva capa de grupo\UV07_MEDIDOR,NAME,-1,-1,Nueva capa de grupo\UV08_MEDIDOR,NAME,-1,-1,Nueva capa de grupo\UV09_MEDIDOR,NAME,-1,-1,Nueva capa de grupo\UV10_MEDIDOR,NAME,-1,-1,Nueva capa de grupo\UV11_MEDIDOR,NAME,-1,-1,Nueva capa de grupo\UV12_MEDIDOR,NAME,-1,-1,Nueva capa de grupo\UV13_MEDIDOR,NAME,-1,-1,Nueva capa de grupo\UV14_MEDIDOR,NAME,-1,-1,Nueva capa de grupo\UV15_MEDIDOR,NAME,-1,-1,Nueva capa de grupo\UV16_MEDIDOR,NAME,-1,-1,Nueva capa de grupo\UV17_MEDIDOR,NAME,-1,-1,Nueva capa de grupo\UV18_MEDIDOR,NAME,-1,-1,Nueva capa de grupo\UV19_MEDIDOR,NAME,-1,-1,Nueva capa de grupo\UV20_MEDIDOR,NAME,-1,-1,Nueva capa de grupo\UV21_MEDIDOR,NAME,-1,-1,Nueva capa de grupo\UV22_MEDIDOR,NAME,-1,-1,Nueva capa de grupo\UV23_MEDIDOR,NAME,-1,-1,Nueva capa de grupo\UV24_MEDIDOR,NAME,-1,-1,Nueva capa de grupo\UV25_MEDIDOR,NAME,-1,-1,Nueva capa de grupo\UV26_MEDIDOR,NAME,-1,-1,Nueva capa de grupo\UV27_MEDIDOR,NAME,-1,-1,Nueva capa de grupo\UV28_MEDIDOR,NAME,-1,-1,Nueva capa de grupo\UV29_MEDIDOR,NAME,-1,-1,Nueva capa de grupo\UV30_MEDIDOR,NAME,-1,-1,Nueva capa de grupo\UV31_MEDIDOR,NAME,-1,-1,Nueva capa de grupo\UV32_MEDIDOR,NAME,-1,-1,Nueva capa de grupo\UV33_MEDIDOR,NAME,-1,-1,Nueva capa de grupo\UV34_MEDIDOR,NAME,-1,-1,Nueva capa de grupo\UV35_MEDIDOR,NAME,-1,-1,Nueva capa de grupo\UV36_MEDIDOR,NAME,-1,-1,Nueva capa de grupo\UV37_MEDIDOR,NAME,-1,-1;DESCRIPTIO "DESCRIPTIO" true true false 254 Text 0 0 ,First,#,Nueva capa de grupo\UV01_MEDIDOR,DESCRIPTIO,-1,-1,Nueva capa de grupo\UV02_MEDIDOR,DESCRIPTIO,-1,-1,Nueva capa de grupo\UV03_MEDIDOR,DESCRIPTIO,-1,-1,Nueva capa de grupo\UV04_MEDIDOR,DESCRIPTIO,-1,-1,Nueva capa de grupo\UV05_MEDIDOR,DESCRIPTIO,-1,-1,Nueva capa de grupo\UV06_MEDIDOR,DESCRIPTIO,-1,-1,Nueva capa de grupo\UV07_MEDIDOR,DESCRIPTIO,-1,-1,Nueva capa de grupo\UV08_MEDIDOR,DESCRIPTIO,-1,-1,Nueva capa de grupo\UV09_MEDIDOR,DESCRIPTIO,-1,-1,Nueva capa de grupo\UV10_MEDIDOR,DESCRIPTIO,-1,-1,Nueva capa de grupo\UV11_MEDIDOR,DESCRIPTIO,-1,-1,Nueva capa de grupo\UV12_MEDIDOR,DESCRIPTIO,-1,-1,Nueva capa de grupo\UV13_MEDIDOR,DESCRIPTIO,-1,-1,Nueva capa de grupo\UV14_MEDIDOR,DESCRIPTIO,-1,-1,Nueva capa de grupo\UV15_MEDIDOR,DESCRIPTIO,-1,-1,Nueva capa de grupo\UV16_MEDIDOR,DESCRIPTIO,-1,-1,Nueva capa de grupo\UV17_MEDIDOR,DESCRIPTIO,-1,-1,Nueva capa de grupo\UV18_MEDIDOR,DESCRIPTIO,-1,-1,Nueva capa de grupo\UV19_MEDIDOR,DESCRIPTIO,-1,-1,Nueva capa de grupo\UV20_MEDIDOR,DESCRIPTIO,-1,-1,Nueva capa de grupo\UV21_MEDIDOR,DESCRIPTIO,-1,-1,Nueva capa de grupo\UV22_MEDIDOR,DESCRIPTIO,-1,-1,Nueva capa de grupo\UV23_MEDIDOR,DESCRIPTIO,-1,-1,Nueva capa de grupo\UV24_MEDIDOR,DESCRIPTIO,-1,-1,Nueva capa de grupo\UV25_MEDIDOR,DESCRIPTIO,-1,-1,Nueva capa de grupo\UV26_MEDIDOR,DESCRIPTIO,-1,-1,Nueva capa de grupo\UV27_MEDIDOR,DESCRIPTIO,-1,-1,Nueva capa de grupo\UV28_MEDIDOR,DESCRIPTIO,-1,-1,Nueva capa de grupo\UV29_MEDIDOR,DESCRIPTIO,-1,-1,Nueva capa de grupo\UV30_MEDIDOR,DESCRIPTIO,-1,-1,Nueva capa de grupo\UV31_MEDIDOR,DESCRIPTIO,-1,-1,Nueva capa de grupo\UV32_MEDIDOR,DESCRIPTIO,-1,-1,Nueva capa de grupo\UV33_MEDIDOR,DESCRIPTIO,-1,-1,Nueva capa de grupo\UV34_MEDIDOR,DESCRIPTIO,-1,-1,Nueva capa de grupo\UV35_MEDIDOR,DESCRIPTIO,-1,-1,Nueva capa de grupo\UV36_MEDIDOR,DESCRIPTIO,-1,-1,Nueva capa de grupo\UV37_MEDIDOR,DESCRIPTIO,-1,-1;MEDIA "MEDIA" true true false 254 Text 0 0 ,First,#,Nueva capa de grupo\UV01_MEDIDOR,MEDIA,-1,-1,Nueva capa de grupo\UV02_MEDIDOR,MEDIA,-1,-1,Nueva capa de grupo\UV03_MEDIDOR,MEDIA,-1,-1,Nueva capa de grupo\UV04_MEDIDOR,MEDIA,-1,-1,Nueva capa de grupo\UV05_MEDIDOR,MEDIA,-1,-1,Nueva capa de grupo\UV06_MEDIDOR,MEDIA,-1,-1,Nueva capa de grupo\UV07_MEDIDOR,MEDIA,-1,-1,Nueva capa de grupo\UV08_MEDIDOR,MEDIA,-1,-1,Nueva capa de grupo\UV09_MEDIDOR,MEDIA,-1,-1,Nueva capa de grupo\UV10_MEDIDOR,MEDIA,-1,-1,Nueva capa de grupo\UV11_MEDIDOR,MEDIA,-1,-1,Nueva capa de grupo\UV12_MEDIDOR,MEDIA,-1,-1,Nueva capa de grupo\UV13_MEDIDOR,MEDIA,-1,-1,Nueva capa de grupo\UV14_MEDIDOR,MEDIA,-1,-1,Nueva capa de grupo\UV15_MEDIDOR,MEDIA,-1,-1,Nueva capa de grupo\UV16_MEDIDOR,MEDIA,-1,-1,Nueva capa de grupo\UV17_MEDIDOR,MEDIA,-1,-1,Nueva capa de grupo\UV18_MEDIDOR,MEDIA,-1,-1,Nueva capa de grupo\UV19_MEDIDOR,MEDIA,-1,-1,Nueva capa de grupo\UV20_MEDIDOR,MEDIA,-1,-1,Nueva capa de grupo\UV21_MEDIDOR,MEDIA,-1,-1,Nueva capa de grupo\UV22_MEDIDOR,MEDIA,-1,-1,Nueva capa de grupo\UV23_MEDIDOR,MEDIA,-1,-1,Nueva capa de grupo\UV24_MEDIDOR,MEDIA,-1,-1,Nueva capa de grupo\UV25_MEDIDOR,MEDIA,-1,-1,Nueva capa de grupo\UV26_MEDIDOR,MEDIA,-1,-1,Nueva capa de grupo\UV27_MEDIDOR,MEDIA,-1,-1,Nueva capa de grupo\UV28_MEDIDOR,MEDIA,-1,-1,Nueva capa de grupo\UV29_MEDIDOR,MEDIA,-1,-1,Nueva capa de grupo\UV30_MEDIDOR,MEDIA,-1,-1,Nueva capa de grupo\UV31_MEDIDOR,MEDIA,-1,-1,Nueva capa de grupo\UV32_MEDIDOR,MEDIA,-1,-1,Nueva capa de grupo\UV33_MEDIDOR,MEDIA,-1,-1,Nueva capa de grupo\UV34_MEDIDOR,MEDIA,-1,-1,Nueva capa de grupo\UV35_MEDIDOR,MEDIA,-1,-1,Nueva capa de grupo\UV36_MEDIDOR,MEDIA,-1,-1,Nueva capa de grupo\UV37_MEDIDOR,MEDIA,-1,-1;HEIGHT "HEIGHT" true true false 19 Double 11 18 ,First,#,Nueva capa de grupo\UV01_MEDIDOR,HEIGHT,-1,-1,Nueva capa de grupo\UV02_MEDIDOR,HEIGHT,-1,-1,Nueva capa de grupo\UV03_MEDIDOR,HEIGHT,-1,-1,Nueva capa de grupo\UV04_MEDIDOR,HEIGHT,-1,-1,Nueva capa de grupo\UV05_MEDIDOR,HEIGHT,-1,-1,Nueva capa de grupo\UV06_MEDIDOR,HEIGHT,-1,-1,Nueva capa de grupo\UV07_MEDIDOR,HEIGHT,-1,-1,Nueva capa de grupo\UV08_MEDIDOR,HEIGHT,-1,-1,Nueva capa de grupo\UV09_MEDIDOR,HEIGHT,-1,-1,Nueva capa de grupo\UV10_MEDIDOR,HEIGHT,-1,-1,Nueva capa de grupo\UV11_MEDIDOR,HEIGHT,-1,-1,Nueva capa de grupo\UV12_MEDIDOR,HEIGHT,-1,-1,Nueva capa de grupo\UV13_MEDIDOR,HEIGHT,-1,-1,Nueva capa de grupo\UV14_MEDIDOR,HEIGHT,-1,-1,Nueva capa de grupo\UV15_MEDIDOR,HEIGHT,-1,-1,Nueva capa de grupo\UV16_MEDIDOR,HEIGHT,-1,-1,Nueva capa de grupo\UV17_MEDIDOR,HEIGHT,-1,-1,Nueva capa de grupo\UV18_MEDIDOR,HEIGHT,-1,-1,Nueva capa de grupo\UV19_MEDIDOR,HEIGHT,-1,-1,Nueva capa de grupo\UV20_MEDIDOR,HEIGHT,-1,-1,Nueva capa de grupo\UV21_MEDIDOR,HEIGHT,-1,-1,Nueva capa de grupo\UV22_MEDIDOR,HEIGHT,-1,-1,Nueva capa de grupo\UV23_MEDIDOR,HEIGHT,-1,-1,Nueva capa de grupo\UV24_MEDIDOR,HEIGHT,-1,-1,Nueva capa de grupo\UV25_MEDIDOR,HEIGHT,-1,-1,Nueva capa de grupo\UV26_MEDIDOR,HEIGHT,-1,-1,Nueva capa de grupo\UV27_MEDIDOR,HEIGHT,-1,-1,Nueva capa de grupo\UV28_MEDIDOR,HEIGHT,-1,-1,Nueva capa de grupo\UV29_MEDIDOR,HEIGHT,-1,-1,Nueva capa de grupo\UV30_MEDIDOR,HEIGHT,-1,-1,Nueva capa de grupo\UV31_MEDIDOR,HEIGHT,-1,-1,Nueva capa de grupo\UV32_MEDIDOR,HEIGHT,-1,-1,Nueva capa de grupo\UV33_MEDIDOR,HEIGHT,-1,-1,Nueva capa de grupo\UV34_MEDIDOR,HEIGHT,-1,-1,Nueva capa de grupo\UV35_MEDIDOR,HEIGHT,-1,-1,Nueva capa de grupo\UV36_MEDIDOR,HEIGHT,-1,-1,Nueva capa de grupo\UV37_MEDIDOR,HEIGHT,-1,-1;CODENAME "CODENAME" true true false 254 Text 0 0 ,First,#,Nueva capa de grupo\UV01_MEDIDOR,CODENAME,-1,-1,Nueva capa de grupo\UV02_MEDIDOR,CODENAME,-1,-1,Nueva capa de grupo\UV03_MEDIDOR,CODENAME,-1,-1,Nueva capa de grupo\UV04_MEDIDOR,CODENAME,-1,-1,Nueva capa de grupo\UV05_MEDIDOR,CODENAME,-1,-1,Nueva capa de grupo\UV06_MEDIDOR,CODENAME,-1,-1,Nueva capa de grupo\UV07_MEDIDOR,CODENAME,-1,-1,Nueva capa de grupo\UV08_MEDIDOR,CODENAME,-1,-1,Nueva capa de grupo\UV09_MEDIDOR,CODENAME,-1,-1,Nueva capa de grupo\UV10_MEDIDOR,CODENAME,-1,-1,Nueva capa de grupo\UV11_MEDIDOR,CODENAME,-1,-1,Nueva capa de grupo\UV12_MEDIDOR,CODENAME,-1,-1,Nueva capa de grupo\UV13_MEDIDOR,CODENAME,-1,-1,Nueva capa de grupo\UV14_MEDIDOR,CODENAME,-1,-1,Nueva capa de grupo\UV15_MEDIDOR,CODENAME,-1,-1,Nueva capa de grupo\UV16_MEDIDOR,CODENAME,-1,-1,Nueva capa de grupo\UV17_MEDIDOR,CODENAME,-1,-1,Nueva capa de grupo\UV18_MEDIDOR,CODENAME,-1,-1,Nueva capa de grupo\UV19_MEDIDOR,CODENAME,-1,-1,Nueva capa de grupo\UV20_MEDIDOR,CODENAME,-1,-1,Nueva capa de grupo\UV21_MEDIDOR,CODENAME,-1,-1,Nueva capa de grupo\UV22_MEDIDOR,CODENAME,-1,-1,Nueva capa de grupo\UV23_MEDIDOR,CODENAME,-1,-1,Nueva capa de grupo\UV24_MEDIDOR,CODENAME,-1,-1,Nueva capa de grupo\UV25_MEDIDOR,CODENAME,-1,-1,Nueva capa de grupo\UV26_MEDIDOR,CODENAME,-1,-1,Nueva capa de grupo\UV27_MEDIDOR,CODENAME,-1,-1,Nueva capa de grupo\UV28_MEDIDOR,CODENAME,-1,-1,Nueva capa de grupo\UV29_MEDIDOR,CODENAME,-1,-1,Nueva capa de grupo\UV30_MEDIDOR,CODENAME,-1,-1,Nueva capa de grupo\UV31_MEDIDOR,CODENAME,-1,-1,Nueva capa de grupo\UV32_MEDIDOR,CODENAME,-1,-1,Nueva capa de grupo\UV33_MEDIDOR,CODENAME,-1,-1,Nueva capa de grupo\UV34_MEDIDOR,CODENAME,-1,-1,Nueva capa de grupo\UV35_MEDIDOR,CODENAME,-1,-1,Nueva capa de grupo\UV36_MEDIDOR,CODENAME,-1,-1,Nueva capa de grupo\UV37_MEDIDOR,CODENAME,-1,-1;Acera "Acera" true true false 254 Text 0 0 ,First,#,Nueva capa de grupo\UV02_MEDIDOR,Acera,-1,-1,Nueva capa de grupo\UV04_MEDIDOR,Acera,-1,-1,Nueva capa de grupo\UV07_MEDIDOR,Acera,-1,-1,Nueva capa de grupo\UV08_MEDIDOR,Acera,-1,-1,Nueva capa de grupo\UV09_MEDIDOR,Acera,-1,-1,Nueva capa de grupo\UV10_MEDIDOR,Acera,-1,-1,Nueva capa de grupo\UV11_MEDIDOR,Acera,-1,-1,Nueva capa de grupo\UV12_MEDIDOR,Acera,-1,-1,Nueva capa de grupo\UV13_MEDIDOR,Acera,-1,-1,Nueva capa de grupo\UV14_MEDIDOR,Acera,-1,-1,Nueva capa de grupo\UV15_MEDIDOR,Acera,-1,-1,Nueva capa de grupo\UV16_MEDIDOR,Acera,-1,-1,Nueva capa de grupo\UV17_MEDIDOR,Acera,-1,-1,Nueva capa de grupo\UV18_MEDIDOR,Acera,-1,-1,Nueva capa de grupo\UV19_MEDIDOR,Acera,-1,-1,Nueva capa de grupo\UV20_MEDIDOR,Acera,-1,-1,Nueva capa de grupo\UV21_MEDIDOR,Acera,-1,-1,Nueva capa de grupo\UV22_MEDIDOR,Acera,-1,-1,Nueva capa de grupo\UV23_MEDIDOR,Acera,-1,-1,Nueva capa de grupo\UV24_MEDIDOR,Acera,-1,-1,Nueva capa de grupo\UV25_MEDIDOR,Acera,-1,-1,Nueva capa de grupo\UV26_MEDIDOR,Acera,-1,-1,Nueva capa de grupo\UV27_MEDIDOR,Acera,-1,-1,Nueva capa de grupo\UV28_MEDIDOR,Acera,-1,-1,Nueva capa de grupo\UV29_MEDIDOR,Acera,-1,-1,Nueva capa de grupo\UV30_MEDIDOR,Acera,-1,-1,Nueva capa de grupo\UV31_MEDIDOR,Acera,-1,-1,Nueva capa de grupo\UV32_MEDIDOR,Acera,-1,-1,Nueva capa de grupo\UV33_MEDIDOR,Acera,-1,-1,Nueva capa de grupo\UV34_MEDIDOR,Acera,-1,-1,Nueva capa de grupo\UV35_MEDIDOR,Acera,-1,-1,Nueva capa de grupo\UV36_MEDIDOR,Acera,-1,-1,Nueva capa de grupo\UV37_MEDIDOR,Acera,-1,-1;Frente "Frente" true true false 254 Text 0 0 ,First,#,Nueva capa de grupo\UV02_MEDIDOR,Frente,-1,-1,Nueva capa de grupo\UV04_MEDIDOR,Frente,-1,-1,Nueva capa de grupo\UV07_MEDIDOR,Frente,-1,-1,Nueva capa de grupo\UV08_MEDIDOR,Frente,-1,-1,Nueva capa de grupo\UV09_MEDIDOR,Frente,-1,-1,Nueva capa de grupo\UV10_MEDIDOR,Frente,-1,-1,Nueva capa de grupo\UV11_MEDIDOR,Frente,-1,-1,Nueva capa de grupo\UV12_MEDIDOR,Frente,-1,-1,Nueva capa de grupo\UV13_MEDIDOR,Frente,-1,-1,Nueva capa de grupo\UV14_MEDIDOR,Frente,-1,-1,Nueva capa de grupo\UV15_MEDIDOR,Frente,-1,-1,Nueva capa de grupo\UV16_MEDIDOR,Frente,-1,-1,Nueva capa de grupo\UV17_MEDIDOR,Frente,-1,-1,Nueva capa de grupo\UV18_MEDIDOR,Frente,-1,-1,Nueva capa de grupo\UV19_MEDIDOR,Frente,-1,-1,Nueva capa de grupo\UV20_MEDIDOR,Frente,-1,-1,Nueva capa de grupo\UV21_MEDIDOR,Frente,-1,-1,Nueva capa de grupo\UV22_MEDIDOR,Frente,-1,-1,Nueva capa de grupo\UV23_MEDIDOR,Frente,-1,-1,Nueva capa de grupo\UV24_MEDIDOR,Frente,-1,-1,Nueva capa de grupo\UV25_MEDIDOR,Frente,-1,-1,Nueva capa de grupo\UV26_MEDIDOR,Frente,-1,-1,Nueva capa de grupo\UV27_MEDIDOR,Frente,-1,-1,Nueva capa de grupo\UV28_MEDIDOR,Frente,-1,-1,Nueva capa de grupo\UV29_MEDIDOR,Frente,-1,-1,Nueva capa de grupo\UV30_MEDIDOR,Frente,-1,-1,Nueva capa de grupo\UV31_MEDIDOR,Frente,-1,-1,Nueva capa de grupo\UV32_MEDIDOR,Frente,-1,-1,Nueva capa de grupo\UV33_MEDIDOR,Frente,-1,-1,Nueva capa de grupo\UV34_MEDIDOR,Frente,-1,-1,Nueva capa de grupo\UV35_MEDIDOR,Frente,-1,-1,Nueva capa de grupo\UV36_MEDIDOR,Frente,-1,-1,Nueva capa de grupo\UV37_MEDIDOR,Frente,-1,-1;Gabinete "Gabinete" true true false 254 Text 0 0 ,First,#,Nueva capa de grupo\UV02_MEDIDOR,Gabinete,-1,-1,Nueva capa de grupo\UV04_MEDIDOR,Gabinete,-1,-1,Nueva capa de grupo\UV07_MEDIDOR,Gabinete,-1,-1,Nueva capa de grupo\UV08_MEDIDOR,Gabinete,-1,-1,Nueva capa de grupo\UV09_MEDIDOR,Gabinete,-1,-1,Nueva capa de grupo\UV10_MEDIDOR,Gabinete,-1,-1,Nueva capa de grupo\UV11_MEDIDOR,Gabinete,-1,-1,Nueva capa de grupo\UV12_MEDIDOR,Gabinete,-1,-1,Nueva capa de grupo\UV13_MEDIDOR,Gabinete,-1,-1,Nueva capa de grupo\UV14_MEDIDOR,Gabinete,-1,-1,Nueva capa de grupo\UV15_MEDIDOR,Gabinete,-1,-1,Nueva capa de grupo\UV16_MEDIDOR,Gabinete,-1,-1,Nueva capa de grupo\UV17_MEDIDOR,Gabinete,-1,-1,Nueva capa de grupo\UV18_MEDIDOR,Gabinete,-1,-1,Nueva capa de grupo\UV19_MEDIDOR,Gabinete,-1,-1,Nueva capa de grupo\UV20_MEDIDOR,Gabinete,-1,-1,Nueva capa de grupo\UV21_MEDIDOR,Gabinete,-1,-1,Nueva capa de grupo\UV22_MEDIDOR,Gabinete,-1,-1,Nueva capa de grupo\UV23_MEDIDOR,Gabinete,-1,-1,Nueva capa de grupo\UV24_MEDIDOR,Gabinete,-1,-1,Nueva capa de grupo\UV25_MEDIDOR,Gabinete,-1,-1,Nueva capa de grupo\UV26_MEDIDOR,Gabinete,-1,-1,Nueva capa de grupo\UV27_MEDIDOR,Gabinete,-1,-1,Nueva capa de grupo\UV28_MEDIDOR,Gabinete,-1,-1,Nueva capa de grupo\UV29_MEDIDOR,Gabinete,-1,-1,Nueva capa de grupo\UV30_MEDIDOR,Gabinete,-1,-1,Nueva capa de grupo\UV31_MEDIDOR,Gabinete,-1,-1,Nueva capa de grupo\UV32_MEDIDOR,Gabinete,-1,-1,Nueva capa de grupo\UV33_MEDIDOR,Gabinete,-1,-1,Nueva capa de grupo\UV34_MEDIDOR,Gabinete,-1,-1,Nueva capa de grupo\UV35_MEDIDOR,Gabinete,-1,-1,Nueva capa de grupo\UV36_MEDIDOR,Gabinete,-1,-1,Nueva capa de grupo\UV37_MEDIDOR,Gabinete,-1,-1"</Process><Process ToolSource="c:\program files (x86)\arcgis\desktop10.1\ArcToolbox\Toolboxes\Data Management Tools.tbx\DefineProjection" Date="20210525" Time="080529">DefineProjection Medidores_2021 PROJCS['WGS_1984_UTM_Zone_19S',GEOGCS['GCS_WGS_1984',DATUM['D_WGS_1984',SPHEROID['WGS_1984',6378137.0,298.257223563]],PRIMEM['Greenwich',0.0],UNIT['Degree',0.0174532925199433]],PROJECTION['Transverse_Mercator'],PARAMETER['False_Easting',500000.0],PARAMETER['False_Northing',10000000.0],PARAMETER['Central_Meridian',-69.0],PARAMETER['Scale_Factor',0.9996],PARAMETER['Latitude_Of_Origin',0.0],UNIT['Meter',1.0]]</Process></lineage></DataProperties><SyncDate>20210525</SyncDate><SyncTime>07462200</SyncTime><ModDate>20210525</ModDate><ModTime>07462200</ModTime></Esri><dataIdInfo><envirDesc Sync="TRUE"> Version 6.2 (Build 9200) ; Esri ArcGIS 10.1.0.3035</envirDesc><dataLang><languageCode value="spa" Sync="TRUE"></languageCode><countryCode value="CHL" Sync="TRUE"></countryCode></dataLang><idCitation><resTitle Sync="TRUE">UV01_MEDIDOR_Merge1</resTitle><presForm><PresFormCd value="005" Sync="TRUE"></PresFormCd></presForm></idCitation><spatRpType><SpatRepTypCd value="001" Sync="TRUE"></SpatRepTypCd></spatRpType></dataIdInfo><mdLang><languageCode value="spa" Sync="TRUE"></languageCode><countryCode value="CHL" Sync="TRUE"></countryCode></mdLang><distInfo><distFormat><formatName Sync="TRUE">Clase de entidad de geodatabase de archivos</formatName></distFormat></distInfo><mdHrLv><ScopeCd value="005" Sync="TRUE"></ScopeCd></mdHrLv><mdHrLvName Sync="TRUE">dataset</mdHrLvName><refSysInfo><RefSystem><refSysID><identCode code="0" Sync="TRUE"></identCode></refSysID></RefSystem></refSysInfo><spatRepInfo><VectSpatRep><geometObjs Name="UV01_MEDIDOR_Merge1"><geoObjTyp><GeoObjTypCd value="004" Sync="TRUE"></GeoObjTypCd></geoObjTyp><geoObjCnt Sync="TRUE">0</geoObjCnt></geometObjs><topLvl><TopoLevCd value="001" Sync="TRUE"></TopoLevCd></topLvl></VectSpatRep></spatRepInfo><spdoinfo><ptvctinf><esriterm Name="UV01_MEDIDOR_Merge1"><efeatyp Sync="TRUE">Simple</efeatyp><efeageom code="1" Sync="TRUE"></efeageom><esritopo Sync="TRUE">FALSE</esritopo><efeacnt Sync="TRUE">0</efeacnt><spindex Sync="TRUE">TRUE</spindex><linrefer Sync="TRUE">FALSE</linrefer></esriterm></ptvctinf></spdoinfo><eainfo><detailed Name="UV01_MEDIDOR_Merge1"><enttyp><enttypl Sync="TRUE">UV01_MEDIDOR_Merge1</enttypl><enttypt Sync="TRUE">Feature Class</enttypt><enttypc Sync="TRUE">0</enttypc></enttyp><attr><attrlabl Sync="TRUE">OBJECTID</attrlabl><attalias Sync="TRUE">OBJECTID</attalias><attrtype Sync="TRUE">OID</attrtype><attwidth Sync="TRUE">4</attwidth><atprecis Sync="TRUE">0</atprecis><attscale Sync="TRUE">0</attscale><attrdef Sync="TRUE">Internal feature number.</attrdef><attrdefs Sync="TRUE">Esri</attrdefs><attrdomv><udom Sync="TRUE">Sequential unique whole numbers that are automatically generated.</udom></attrdomv></attr><attr><attrlabl Sync="TRUE">Shape</attrlabl><attalias Sync="TRUE">Shape</attalias><attrtype Sync="TRUE">Geometry</attrtype><attwidth Sync="TRUE">0</attwidth><atprecis Sync="TRUE">0</atprecis><attscale Sync="TRUE">0</attscale><attrdef Sync="TRUE">Feature geometry.</attrdef><attrdefs Sync="TRUE">Esri</attrdefs><attrdomv><udom Sync="TRUE">Coordinates defining the features.</udom></attrdomv></attr><attr><attrlabl Sync="TRUE">UserID</attrlabl><attalias Sync="TRUE">UserID</attalias><attrtype Sync="TRUE">Integer</attrtype><attwidth Sync="TRUE">4</attwidth><atprecis Sync="TRUE">0</atprecis><attscale Sync="TRUE">0</attscale></attr><attr><attrlabl Sync="TRUE">POINTTYPE</attrlabl><attalias Sync="TRUE">POINTTYPE</attalias><attrtype Sync="TRUE">String</attrtype><attwidth Sync="TRUE">254</attwidth><atprecis Sync="TRUE">0</atprecis><attscale Sync="TRUE">0</attscale></attr><attr><attrlabl Sync="TRUE">NAME</attrlabl><attalias Sync="TRUE">NAME</attalias><attrtype Sync="TRUE">String</attrtype><attwidth Sync="TRUE">254</attwidth><atprecis Sync="TRUE">0</atprecis><attscale Sync="TRUE">0</attscale></attr><attr><attrlabl Sync="TRUE">DESCRIPTIO</attrlabl><attalias Sync="TRUE">DESCRIPTIO</attalias><attrtype Sync="TRUE">String</attrtype><attwidth Sync="TRUE">254</attwidth><atprecis Sync="TRUE">0</atprecis><attscale Sync="TRUE">0</attscale></attr><attr><attrlabl Sync="TRUE">MEDIA</attrlabl><attalias Sync="TRUE">MEDIA</attalias><attrtype Sync="TRUE">String</attrtype><attwidth Sync="TRUE">254</attwidth><atprecis Sync="TRUE">0</atprecis><attscale Sync="TRUE">0</attscale></attr><attr><attrlabl Sync="TRUE">HEIGHT</attrlabl><attalias Sync="TRUE">HEIGHT</attalias><attrtype Sync="TRUE">Double</attrtype><attwidth Sync="TRUE">8</attwidth><atprecis Sync="TRUE">0</atprecis><attscale Sync="TRUE">0</attscale></attr><attr><attrlabl Sync="TRUE">CODENAME</attrlabl><attalias Sync="TRUE">CODENAME</attalias><attrtype Sync="TRUE">String</attrtype><attwidth Sync="TRUE">254</attwidth><atprecis Sync="TRUE">0</atprecis><attscale Sync="TRUE">0</attscale></attr><attr><attrlabl Sync="TRUE">Acera</attrlabl><attalias Sync="TRUE">Acera</attalias><attrtype Sync="TRUE">String</attrtype><attwidth Sync="TRUE">254</attwidth><atprecis Sync="TRUE">0</atprecis><attscale Sync="TRUE">0</attscale></attr><attr><attrlabl Sync="TRUE">Frente</attrlabl><attalias Sync="TRUE">Frente</attalias><attrtype Sync="TRUE">String</attrtype><attwidth Sync="TRUE">254</attwidth><atprecis Sync="TRUE">0</atprecis><attscale Sync="TRUE">0</attscale></attr><attr><attrlabl Sync="TRUE">Gabinete</attrlabl><attalias Sync="TRUE">Gabinete</attalias><attrtype Sync="TRUE">String</attrtype><attwidth Sync="TRUE">254</attwidth><atprecis Sync="TRUE">0</atprecis><attscale Sync="TRUE">0</attscale></attr></detailed></eainfo><mdDateSt Sync="TRUE">20210525</mdDateSt></metadata>
